identificatie,underpass_z_min,underpass_z_max,underpass_h
NL.IMBAG.Pand.0363100012165755,0.4254,5.5366,4.1112
NL.IMBAG.Pand.0363100012170850,1.856515,9.010985,6.15447
NL.IMBAG.Pand.0363100012095711,-0.541,3.72331,3.7026000000000003
NL.IMBAG.Pand.0363100012122448,-0.595,4.022820000000001,3.9334400000000005
NL.IMBAG.Pand.0363100012137139,-0.53,4.006175000000001,3.9740800000000003
NL.IMBAG.Pand.0363100012146576,-0.596,3.67258,3.7068
